X;Y;FECHA;DIRECCION;DIRECCION_NORMALIZADA;M2TOTAL;PRECIOARS;PRECIOARSM;PRECIOUSD;PRECIOUSDM;CAMBIO;AMBIENTES;DORMITORIO;BAÑOS;URL;BARRIO;COMUNA;CODIGO_POSTAL;CODIGO_POSTAL_ARGENTINO
-58.44695280356209;-34.590992327179315;09/02/2018;DORREGO 900;DORREGO AV. 900;22;1061500;50000;55000;2500;20.00;0;0;1;HTTP://WWW.ZONAPROP.COM.AR/PROPIEDADES/A-43073981.HTML;CHACARITA;COMUNA 15;1414;C1414CKQ
-58.4557761787048;-34.58331037705459;13/02/2018;AV. FOREST 800;FOREST AV. 800;70;2123000;31420;110000;1571;20.00;1;0;1;HTTP://WWW.ZONAPROP.COM.AR/PROPIEDADES/A-43079739.HTML;CHACARITA;COMUNA 15;1427;C1427CER
-58.450811271908194;-34.58045592948476;21/02/2018;AV. FEDERICO LACROZE 3500;LACROZE, FEDERICO AV. 3500;77;2605500;35060;135000;1753;20.00;0;0;2;HTTP://WWW.ZONAPROP.COM.AR/PROPIEDADES/A-43096230.HTML;COLEGIALES;COMUNA 13;1426;C1426CQU
-58.44415760295975;-34.59057408263611;27/02/2018;RAMIREZ DE VELAZCO 1400;RAMIREZ DE VELASCO, JUAN 1400;83;3088000;38540;160000;1927;20.00;0;0;1;HTTP://WWW.ZONAPROP.COM.AR/PROPIEDADES/A-43110036.HTML;CHACARITA;COMUNA 15;1414;C1414ARB
-58.44827206932627;-34.58143075297631;27/02/2018;JORGE NEWBERY 3400;NEWBERY, JORGE 3400;140;7720000;57140;400000;2857;20.00;0;0;3;HTTP://WWW.ZONAPROP.COM.AR/PROPIEDADES/A-43115038.HTML;COLEGIALES;COMUNA 13;1426;C1426CYL
-58.458303386577015;-34.604509508718735;20/02/2018;JUAN B JUSTO  4000;JUSTO, JUAN B. AV. 4000;105;4825000;50000;250000;2500;20.00;0;0;2;HTTP://WWW.ZONAPROP.COM.AR/PROPIEDADES/A-43093873.HTML;VILLA CRESPO;COMUNA 15;1416;C1416DJT
-58.44752450770526;-34.5971099310041;01/02/2018;JUAN B JUSTO 2900;JUSTO, JUAN B. AV. 2900;50;2895000;57900;150000;3000;0.00;0;0;1;HTTP://WWW.ZONAPROP.COM.AR/PROPIEDADES/A-43051378.HTML;VILLA CRESPO;COMUNA 15;1414;C1414CXR
-58.44430219431069;-34.59488452041215;06/02/2018;CORRIENTES 5800;CORRIENTES AV. 5800;40;2991500;77500;155000;3875;20.00;0;0;1;HTTP://WWW.ZONAPROP.COM.AR/PROPIEDADES/A-43066788.HTML;VILLA CRESPO;COMUNA 15;1414;C1414AJX
-58.43722598969622;-34.604660301891755;08/02/2018;ANGEL GALLARDO 400;GALLARDO, ANGEL AV. 400;40;2991500;77500;155000;3875;20.00;0;0;1;HTTP://WWW.ZONAPROP.COM.AR/PROPIEDADES/A-43066831.HTML;CABALLITO;COMUNA 06;1405;C1405DJQ
-58.428088520133905;-34.595621199168555;08/02/2018;CORDOBA  AVDA. 4400;CORDOBA AV. 4400;120;13317000;115000;690000;5750;20.00;0;0;1;HTTP://WWW.ZONAPROP.COM.AR/PROPIEDADES/A-43071458.HTML;VILLA CRESPO;COMUNA 15;1414;C1414BAO
-58.43973905351083;-34.594722729532904;08/02/2018;SERRANO 725;SERRANO 725;30;3088000;106660;160000;5333;20.00;0;0;1;HTTP://WWW.ZONAPROP.COM.AR/PROPIEDADES/A-43072526.HTML;VILLA CRESPO;COMUNA 15;1414;C1414DEO
-58.438018523513705;-34.60507750678132;09/02/2018;ANEL GALLARDO 500;GALLARDO, ANGEL AV. 500;40;3377500;87500;175000;4375;20.00;0;0;1;HTTP://WWW.ZONAPROP.COM.AR/PROPIEDADES/A-43073520.HTML;CABALLITO;COMUNA 06;1405;C1405DJR
-58.4337322642249;-34.60293995696207;09/02/2018;ANGEL GALLARDO 100;GALLARDO, ANGEL AV. 100;40;3377500;87500;175000;4375;20.00;0;0;1;HTTP://WWW.ZONAPROP.COM.AR/PROPIEDADES/A-43073537.HTML;CABALLITO;COMUNA 06;1405;C1405DJN
-58.43297610523409;-34.59875930451771;13/02/2018;LOYOLA 200;LOYOLA 200;36;1447500;41660;75000;2083;20.00;0;0;1;HTTP://WWW.ZONAPROP.COM.AR/PROPIEDADES/A-43079362.HTML;VILLA CRESPO;COMUNA 15;1414;C1414AUD
-58.43568948977862;-34.59778975977632;16/02/2018;SCALABRINI ORTIZ RAUL 600;SCALABRINI ORTIZ, RAUL AV. 600;373;9650000;26800;500000;1340;20.00;0;0;2;HTTP://WWW.ZONAPROP.COM.AR/PROPIEDADES/A-43085934.HTML;VILLA CRESPO;COMUNA 15;1414;C1414DNS
;;23/02/2018;GURRUCHAGA;;150;21444442;148140;1111111;7407;20.00;0;0;1;HTTP://WWW.ZONAPROP.COM.AR/PROPIEDADES/A-43088987.HTML;;;;
-58.43584310970085;-34.5993665527547;21/02/2018;VELASCO 400;RAMIREZ DE VELASCO, JUAN 400;250;5597000;23200;290000;1160;20.00;0;0;0;HTTP://WWW.ZONAPROP.COM.AR/PROPIEDADES/A-43096226.HTML;VILLA CRESPO;COMUNA 15;1414;C1414AQH
-58.43973905351083;-34.594722729532904;21/02/2018;SERRANO 725;SERRANO 725;29;3088000;110340;160000;5517;20.00;0;0;1;HTTP://WWW.ZONAPROP.COM.AR/PROPIEDADES/A-43098265.HTML;VILLA CRESPO;COMUNA 15;1414;C1414DEO
-58.44385177498066;-34.60225784496055;26/02/2018;LUIS VIALE 100;VIALE, LUIS 100;16;897450;58120;46500;2906;20.00;0;0;1;HTTP://WWW.ZONAPROP.COM.AR/PROPIEDADES/A-43107826.HTML;VILLA CRESPO;COMUNA 15;1414;C1414ECB
-58.4386130362481;-34.598195090282374;26/02/2018;MALABIA 500;MALABIA 500;375;18721000;54640;970000;2732;20.00;0;0;5;HTTP://WWW.ZONAPROP.COM.AR/PROPIEDADES/A-43108152.HTML;VILLA CRESPO;COMUNA 15;1414;C1414DLJ
-58.451739093936965;-34.600035438504385;27/02/2018;JUAN B. JUSTO  3300;JUSTO, JUAN B. AV. 3300;70;7334000;108560;380000;5428;20.00;0;0;2;HTTP://WWW.ZONAPROP.COM.AR/PROPIEDADES/A-43113432.HTML;VILLA CRESPO;COMUNA 15;1414;C1414CXV
-58.48895351745063;-34.602750362454415;07/02/2018;NAZCA 2900;NAZCA AV. 2900;282;9379800;34460;486000;1723;20.00;0;0;1;HTTP://WWW.ZONAPROP.COM.AR/PROPIEDADES/A-43062462.HTML;VILLA DEL PARQUE;COMUNA 11;1417;C1417CUR
-58.49343829509583;-34.60383406503136;09/02/2018;CUENCA Y NOGOYA;CUENCA Y NOGOYA;40;3377500;87500;175000;4375;20.00;0;0;1;HTTP://WWW.ZONAPROP.COM.AR/PROPIEDADES/A-43073625.HTML;VILLA DEL PARQUE;COMUNA 11;;
-58.424447202216236;-34.610137233154326;01/02/2018;BARTOLOME MITRE 4100;MITRE, BARTOLOME 4100;235;30880000;45278;1600000;2346;0.00;0;0;0;HTTP://WWW.ZONAPROP.COM.AR/PROPIEDADES/A-43040179.HTML;ALMAGRO;COMUNA 05;1201;C1201AAZ
-58.416445753075024;-34.62087459514739;01/02/2018;AV BOEDO 700;BOEDO AV. 700;503;9592100;19068;497000;988;0.00;0;0;4;HTTP://WWW.ZONAPROP.COM.AR/PROPIEDADES/A-43051969.HTML;ALMAGRO;COMUNA 05;1218;C1218AAP
-58.41906120191299;-34.600404118057845;06/02/2018;JERONIMO SALGUERO 835;SALGUERO, JERONIMO 835;31;2299826;76860;119162;3843;20.00;0;0;1;HTTP://WWW.ZONAPROP.COM.AR/PROPIEDADES/A-43065855.HTML;ALMAGRO;COMUNA 05;1177;C1177AEO
-58.42479776844905;-34.613218996542756;06/02/2018;RIVADAVIA 4200;RIVADAVIA AV. 4200;40;2991500;77500;155000;3875;20.00;0;0;1;HTTP://WWW.ZONAPROP.COM.AR/PROPIEDADES/A-43066665.HTML;ALMAGRO;COMUNA 05;1205;C1205AAO
-58.42550038222974;-34.60280369607025;06/02/2018;CORRIENTES 4300;CORRIENTES AV. 4300;40;2991500;77500;155000;3875;20.00;0;0;1;HTTP://WWW.ZONAPROP.COM.AR/PROPIEDADES/A-43066803.HTML;ALMAGRO;COMUNA 05;1195;C1195AAO
-58.42034169450558;-34.59891438983772;08/02/2018;MEDRANO Y LAVALLE;MEDRANO AV. Y LAVALLE;40;2991500;77500;155000;3875;20.00;0;0;1;HTTP://WWW.ZONAPROP.COM.AR/PROPIEDADES/A-43069031.HTML;ALMAGRO;COMUNA 05;;
-58.421191607615135;-34.604886695826714;08/02/2018;MEDRANO Y SARMIENTO;MEDRANO AV. Y SARMIENTO;40;3377500;87500;175000;4375;20.00;0;0;1;HTTP://WWW.ZONAPROP.COM.AR/PROPIEDADES/A-43072584.HTML;ALMAGRO;COMUNA 05;;
-58.412704115461395;-34.61652993359365;20/02/2018;LORIA 600;SANCHEZ DE LORIA 600;617;13510000;22680;700000;1134;20.00;5;5;2;HTTP://WWW.ZONAPROP.COM.AR/PROPIEDADES/A-43092242.HTML;BALVANERA;COMUNA 03;1173;C1173ACL
-58.414655315485355;-34.613072769867976;21/02/2018;HIPOLITO YRIGOYEN 3400;YRIGOYEN, HIPOLITO AV. 3400;188;6176000;34040;320000;1702;20.00;0;0;2;HTTP://WWW.ZONAPROP.COM.AR/PROPIEDADES/A-43096973.HTML;ALMAGRO;COMUNA 05;1208;C1208ABN
-58.41979100479393;-34.615908998976046;22/02/2018;AV. BELGRANO 3800;BELGRANO AV. 3800;356;7334000;22740;380000;1137;20.00;0;0;3;HTTP://WWW.ZONAPROP.COM.AR/PROPIEDADES/A-43101415.HTML;ALMAGRO;COMUNA 05;1210;C1210AAS
-58.421322073218256;-34.610138605791825;25/02/2018;MEDRANO 100;MEDRANO AV. 100;24;1833500;79160;95000;3958;20.00;0;0;0;HTTP://WWW.ZONAPROP.COM.AR/PROPIEDADES/A-43107064.HTML;ALMAGRO;COMUNA 05;1178;C1178ABB
-58.4244486916689;-34.60489573743816;26/02/2018;GASCON 580;GASCON 580;189;11580000;139520;600000;6976;20.00;0;0;1;HTTP://WWW.ZONAPROP.COM.AR/PROPIEDADES/A-43109584.HTML;ALMAGRO;COMUNA 05;1181;C1181ACJ
-58.43187186341855;-34.616349676260214;08/02/2018;RIVADAVIA 4700;RIVADAVIA AV. 4700;40;3377500;87500;175000;4375;20.00;0;0;1;HTTP://WWW.ZONAPROP.COM.AR/PROPIEDADES/A-43072595.HTML;CABALLITO;COMUNA 06;1424;C1424CEO
-58.45268011466062;-34.61994003830362;13/02/2018;AVELLANEDA 1500;AVELLANEDA AV. 1500;600;13510000;23320;700000;1166;20.00;0;0;2;HTTP://WWW.ZONAPROP.COM.AR/PROPIEDADES/A-43079046.HTML;CABALLITO;COMUNA 06;1405;C1405COO
-58.42904639805136;-34.60721799066234;15/02/2018;POTOSI 4400;POTOSI 4400;60;2605500;45000;135000;2250;20.00;0;0;2;HTTP://WWW.ZONAPROP.COM.AR/PROPIEDADES/A-43084252.HTML;ALMAGRO;COMUNA 05;1199;C1199ACN
-58.428994072249054;-34.622343410062975;20/02/2018;AV. JUAN BAUTISTA ALBERDI 100;ALBERDI, JUAN BAUTISTA AV. 100;120;4439000;38340;230000;1917;2;0;0;0;HTTP://WWW.ZONAPROP.COM.AR/PROPIEDADES/A-43092084.HTML;CABALLITO;COMUNA 06;1424;C1424BYN
-58.437630685189056;-34.623286075080586;22/02/2018;ALBERDI  JUAN B. AV. 700;ALBERDI, JUAN BAUTISTA AV. 700;45;2605500;72960;135000;3648;20.00;0;0;1;HTTP://WWW.ZONAPROP.COM.AR/PROPIEDADES/A-43099645.HTML;CABALLITO;COMUNA 06;1424;C1424BYT
-58.48062973727451;-34.61255908132492;07/02/2018;AV. NAZCA 1900;NAZCA AV. 1900;550;11869500;22360;615000;1118;20.00;0;0;0;HTTP://WWW.ZONAPROP.COM.AR/PROPIEDADES/A-43058504.HTML;VILLA SANTA RITA;COMUNA 11;1416;C1416ASU
-58.45841710952357;-34.63401243362443;02/02/2018;FRANCISCO BILBAO 2300;BILBAO, FRANCISCO 2300;22;1003600;45606;52000;2363;0.00;0;0;0;HTTP://WWW.ZONAPROP.COM.AR/PROPIEDADES/A-42986085.HTML;FLORES;COMUNA 07;1406;C1406FFT
-58.462574696937125;-34.62889024209025;06/02/2018;RIVADAVIA 6900;RIVADAVIA AV. 6900;40;2991500;77500;155000;3875;20.00;0;0;1;HTTP://WWW.ZONAPROP.COM.AR/PROPIEDADES/A-43066692.HTML;FLORES;COMUNA 07;1406;C1406GLY
-58.4640916857644;-34.62924063337214;09/02/2018;RIVADAVIA 7000;RIVADAVIA AV. 7000;40;3377500;87500;175000;4375;20.00;0;0;1;HTTP://WWW.ZONAPROP.COM.AR/PROPIEDADES/A-43073356.HTML;FLORES;COMUNA 07;1406;C1406GLZ
-58.46064180760314;-34.62950140982433;13/02/2018;MEMBRILLAR 100;MEMBRILLAR 100;34;2798500;85280;145000;4264;20.00;0;0;0;HTTP://WWW.ZONAPROP.COM.AR/PROPIEDADES/A-43079456.HTML;FLORES;COMUNA 07;1406;C1406DPB
-58.461068006597856;-34.62845212269021;15/02/2018;AVENIDA RIVADAVIA 6800;RIVADAVIA AV. 6800;37;1524700;42700;79000;2135;20.00;0;0;0;HTTP://WWW.ZONAPROP.COM.AR/PROPIEDADES/A-43082748.HTML;FLORES;COMUNA 07;1406;C1406GLX
-58.46044741790734;-34.62142025816427;22/02/2018;BOYACA 500;BOYACA AV. 500;18;3088000;177760;160000;8888;20.00;0;0;1;HTTP://WWW.ZONAPROP.COM.AR/PROPIEDADES/A-43100930.HTML;FLORES;COMUNA 07;1406;C1406BHH
-58.482042096796555;-34.63316063979799;08/02/2018;CHIVILCOY 70;CHIVILCOY 70;60;1737000;30000;90000;1500;20.00;1;0;1;HTTP://WWW.ZONAPROP.COM.AR/PROPIEDADES/A-43071253.HTML;FLORESTA;COMUNA 10;1407;C1407ADB
-58.48777805909028;-34.625138130868045;23/02/2018;MERCEDES 995;MERCEDES 995;293;6948000;27900;360000;1395;20.00;3;2;1;HTTP://WWW.ZONAPROP.COM.AR/PROPIEDADES/A-43104451.HTML;FLORESTA;COMUNA 10;1407;C1407AHQ
-58.375432433702066;-34.6234148056948;02/02/2018;COCHABAMBA 700;COCHABAMBA 700;620;17370000;28004;900000;1451;0.00;0;0;0;HTTP://WWW.ZONAPROP.COM.AR/PROPIEDADES/A-42984926.HTML;SAN TELMO;COMUNA 01;1150;C1150AAJ
-58.377126021626985;-34.62091051202678;08/02/2018;HUMBERTO PRIMO 800;HUMBERTO 1° 800;242;6176000;26440;320000;1322;20.00;0;0;0;HTTP://WWW.ZONAPROP.COM.AR/PROPIEDADES/A-43070361.HTML;SAN TELMO;COMUNA 01;1103;C1103ACP
-58.38440020127549;-34.62347113428475;25/02/2018;SANTIAGO DEL ESTERO 1300;SANTIAGO DEL ESTERO 1300;33;868500;27280;45000;1364;20.00;0;0;0;HTTP://WWW.ZONAPROP.COM.AR/PROPIEDADES/A-43098634.HTML;CONSTITUCION;COMUNA 01;1136;C1136ABB
-58.37895119465382;-34.62596706728545;22/02/2018;BERNARDO DE IRIGOYEN 1500;IRIGOYEN, BERNARDO DE 1500;285;8685000;31560;450000;1578;20.00;0;0;1;HTTP://WWW.ZONAPROP.COM.AR/PROPIEDADES/A-43099438.HTML;CONSTITUCION;COMUNA 01;1138;C1138ABF
-58.391532762234235;-34.620123969002414;17/02/2018;ENTRE RIOS 1000;ENTRE RIOS AV. 1000;50;965000;20000;50000;1000;20.00;0;0;0;HTTP://WWW.ZONAPROP.COM.AR/PROPIEDADES/A-43073262.HTML;CONSTITUCION;COMUNA 01;1080;C1080ABQ
-58.40301995304219;-34.62547118614771;10/02/2018;COCHABAMBA  2700;COCHABAMBA 2700;30;1351000;46660;70000;2333;20.00;0;0;1;HTTP://WWW.ZONAPROP.COM.AR/PROPIEDADES/A-43075851.HTML;SAN CRISTOBAL;COMUNA 03;1252;C1252AAR
-58.415975887098156;-34.6254969284214;07/02/2018;AV. SAN JUAN 3600;SAN JUAN AV. 3600;25;579000;24000;30000;1200;20.00;0;0;0;HTTP://WWW.ZONAPROP.COM.AR/PROPIEDADES/A-43058500.HTML;BOEDO;COMUNA 05;1233;C1233ABS
;;20/02/2018;LOTE - AVDA.CASEROS OPORTUNIDAD 10;;370;20805400;58280;1078000;2914;20.00;0;0;0;HTTP://WWW.ZONAPROP.COM.AR/PROPIEDADES/A-43092221.HTML;;;;
-58.50021950150522;-34.6308332203912;01/02/2018;CALDERON  800;CALDERON DE LA BARCA, PEDRO 800;180;4246000;24440;220000;1222;20.00;0;0;0;HTTP://WWW.ZONAPROP.COM.AR/PROPIEDADES/A-43055076.HTML;VELEZ SARSFIELD;COMUNA 10;1407;C1407KPP
-58.48591772386711;-34.64049879503809;26/02/2018;ALBERDI 4300;ALBERDI, JUAN BAUTISTA AV. 4300;150;4825000;33320;250000;1666;20.00;0;0;2;HTTP://WWW.ZONAPROP.COM.AR/PROPIEDADES/A-43069179.HTML;PARQUE AVELLANEDA;COMUNA 09;1407;C1407GZW
-58.39593935992767;-34.63536254368136;20/02/2018;AV CASEROS 2400;CASEROS AV. 2400;78;4632000;61540;240000;3077;20.00;1;0;2;HTTP://WWW.ZONAPROP.COM.AR/PROPIEDADES/A-43092892.HTML;PARQUE PATRICIOS;COMUNA 04;1264;C1264AAQ
-58.50248704292706;-34.648329471876;06/02/2018;POLA 1047;POLA 1047;650;6948000;13280;360000;664;20.00;7;5;7;HTTP://WWW.ZONAPROP.COM.AR/PROPIEDADES/A-43064384.HTML;MATADEROS;COMUNA 09;1440;C1440DAG
;;08/02/2018;CARLOS CALVO;;93;4226700;47080;219000;2354;20.00;0;0;0;HTTP://WWW.ZONAPROP.COM.AR/PROPIEDADES/A-43070678.HTML;;;;
-58.371311852978785;-34.62167457953373;20/02/2018;DEFENSA 1200;DEFENSA 1200;190;5597000;30520;290000;1526;20.00;0;0;0;HTTP://WWW.ZONAPROP.COM.AR/PROPIEDADES/A-43093993.HTML;SAN TELMO;COMUNA 01;1065;C1065AAV
-58.36678247966758;-34.62328727658905;21/02/2018;AZOPARDO 1337;AZOPARDO 1337;118;12971179;109925;672081;5696;0.00;1;1;1;HTTP://WWW.ZONAPROP.COM.AR/PROPIEDADES/A-43098039.HTML;SAN TELMO;COMUNA 01;1107;C1107ADW
-58.36678247966758;-34.62328727658905;21/02/2018;AZOPARDO 1337;AZOPARDO 1337;84;9201972;109547;476786;5676;0.00;1;1;1;HTTP://WWW.ZONAPROP.COM.AR/PROPIEDADES/A-43098040.HTML;SAN TELMO;COMUNA 01;1107;C1107ADW
-58.36988848663625;-34.61714505740168;27/02/2018;BALCARCE 800;BALCARCE 800;100;3860000;40000;200000;2000;20.00;0;0;0;HTTP://WWW.ZONAPROP.COM.AR/PROPIEDADES/A-43113200.HTML;SAN TELMO;COMUNA 01;1064;C1064AAP
-58.48243451649269;-34.5585085050923;01/02/2018;TRONADOR 3500;TRONADOR 3500;19;772000;40627;40000;2105;0.00;0;0;0;HTTP://WWW.ZONAPROP.COM.AR/PROPIEDADES/A-43048439.HTML;COGHLAN;COMUNA 12;1430;C1430DML
-58.47385272370097;-34.541671517292876;01/02/2018;CABILDO 4700;CABILDO AV. 4700;235;8492000;36130;440000;1872;0.00;0;0;0;HTTP://WWW.ZONAPROP.COM.AR/PROPIEDADES/A-43048591.HTML;SAAVEDRA;COMUNA 12;1429;C1429ABR
-58.49499469707818;-34.55330567496954;02/02/2018;MILLER 4500;MILLER 4500;63;2509000;44820;130000;2241;20.00;0;0;2;HTTP://WWW.ZONAPROP.COM.AR/PROPIEDADES/A-43056591.HTML;SAAVEDRA;COMUNA 12;1430;C1430EAF
-58.47502097874455;-34.540088194683214;27/02/2018;CABILDO 4900  ENTRE GRAL PAZ Y VEDIA;CABILDO AV. 4900;53;4825000;94320;250000;4716;20.00;2;0;1;HTTP://WWW.ZONAPROP.COM.AR/PROPIEDADES/A-43114749.HTML;SAAVEDRA;COMUNA 12;1429;C1429ABT
;;16/02/2018;MONROE;;8;386000;50000;20000;2500;20.00;0;0;0;HTTP://WWW.ZONAPROP.COM.AR/PROPIEDADES/A-43086233.HTML;;;;
-58.484419574348664;-34.564158986207865;03/02/2018;MARIANO ACHA 3200;ACHA, MARIANO, GRAL. 3200;46;2605500;66797;135000;3461;0.00;0;0;0;HTTP://WWW.ZONAPROP.COM.AR/PROPIEDADES/A-42989539.HTML;VILLA URQUIZA;COMUNA 12;1430;C1430DVL
-58.49501352762937;-34.57582110141868;06/02/2018;CERETTI 2700;CERETTI 2700;36;2123000;61100;110000;3055;20.00;0;0;1;HTTP://WWW.ZONAPROP.COM.AR/PROPIEDADES/A-43064859.HTML;VILLA URQUIZA;COMUNA 12;1431;C1431ELF
-58.48429165270498;-34.57557828583477;06/02/2018;TRIUNVIRATO Y OLAZABAL;TRIUNVIRATO AV. Y OLAZABAL AV.;40;2991500;77500;155000;3875;20.00;0;0;1;HTTP://WWW.ZONAPROP.COM.AR/PROPIEDADES/A-43066913.HTML;VILLA URQUIZA;COMUNA 12;;
;;07/02/2018;CULLEN;;25;1447500;60000;75000;3000;20.00;1;1;1;HTTP://WWW.ZONAPROP.COM.AR/PROPIEDADES/A-43068896.HTML;;;;
-58.47767060463419;-34.56632567239469;08/02/2018;DR.PEDRO DE RIVERA 4080;RIVERA, PEDRO I., DR. 4080;54;1891400;36280;98000;1814;20.00;1;0;1;HTTP://WWW.ZONAPROP.COM.AR/PROPIEDADES/A-43071144.HTML;VILLA URQUIZA;COMUNA 12;1430;C1430BFD
-58.48638470490762;-34.574317056993806;09/02/2018;TRIUNVIRATO Y MONROE;TRIUNVIRATO AV. Y MONROE;40;3377500;87500;175000;4375;20.00;0;0;1;HTTP://WWW.ZONAPROP.COM.AR/PROPIEDADES/A-43073640.HTML;VILLA URQUIZA;COMUNA 12;;
-58.47347280738158;-34.57477634312854;14/02/2018;DONADO 1900 LOCAL B;DONADO 1900;84;13124000;247260;680000;12363;20.00;0;0;0;HTTP://WWW.ZONAPROP.COM.AR/PROPIEDADES/A-43081572.HTML;VILLA URQUIZA;COMUNA 12;1430;C1430DRJ
-58.49551385535379;-34.574965195651515;24/02/2018;NAHUEL HUAPI 5700;NAHUEL HUAPI 5700;40;2258100;58500;117000;2925;20.00;0;0;0;HTTP://WWW.ZONAPROP.COM.AR/PROPIEDADES/A-43105260.HTML;VILLA URQUIZA;COMUNA 12;1431;C1431BTX
-58.38332525573807;-34.60925713424135;01/02/2018;AVENIDA DE MAYO 1200;DE MAYO AV. 1200;20;868500;43425;45000;2250;0.00;0;0;2;HTTP://WWW.ZONAPROP.COM.AR/PROPIEDADES/A-43047804.HTML;MONSERRAT;COMUNA 01;1085;C1085ABO
;;01/02/2018;CARLOS GARDEL 3100;;198;7334000;46060;380000;2303;20.00;0;0;2;HTTP://WWW.ZONAPROP.COM.AR/PROPIEDADES/A-43054864.HTML;;;;
-58.40123520662399;-34.61449952654337;02/02/2018;AV. BELGRANO 2500;BELGRANO AV. 2500;610;16405000;27860;850000;1393;20.00;0;0;0;HTTP://WWW.ZONAPROP.COM.AR/PROPIEDADES/A-43056953.HTML;BALVANERA;COMUNA 03;1096;C1096AAO
-58.39608930742903;-34.61461981972598;05/02/2018;RINCON  444;RINCON 444;50;1505400;31200;78000;1560;20.00;1;0;1;HTTP://WWW.ZONAPROP.COM.AR/PROPIEDADES/A-43062225.HTML;BALVANERA;COMUNA 03;1081;C1081ABJ
-58.39501431872996;-34.61824166891649;06/02/2018;AV. INDEPENDENCIA 2029;INDEPENDENCIA AV. 2029;236;7720000;33880;400000;1694;20.00;0;0;1;HTTP://WWW.ZONAPROP.COM.AR/PROPIEDADES/A-43066654.HTML;BALVANERA;COMUNA 03;1225;C1225AAC
-58.40870760844984;-34.61023478311864;06/02/2018;RIVADAVIA 3000;RIVADAVIA AV. 3000;40;2991500;77500;155000;3875;20.00;0;0;1;HTTP://WWW.ZONAPROP.COM.AR/PROPIEDADES/A-43066793.HTML;BALVANERA;COMUNA 03;1203;C1203AAO
-58.39166783845851;-34.61256244583086;07/02/2018;ENTRE RIOS 300;ENTRE RIOS AV. 300;40;2991500;77500;155000;3875;20.00;0;0;1;HTTP://WWW.ZONAPROP.COM.AR/PROPIEDADES/A-43069374.HTML;MONSERRAT;COMUNA 01;1079;C1079ABP
-58.391601220796986;-34.618062469981446;07/02/2018;ENTRE RIOS 800;ENTRE RIOS AV. 800;40;2991500;77500;155000;3875;20.00;0;0;1;HTTP://WWW.ZONAPROP.COM.AR/PROPIEDADES/A-43069511.HTML;MONSERRAT;COMUNA 01;1080;C1080ABO
-58.39158729174378;-34.61480510663598;09/02/2018;ENTRE RIOS 500;ENTRE RIOS AV. 500;40;3377500;87500;175000;4375;20.00;0;0;1;HTTP://WWW.ZONAPROP.COM.AR/PROPIEDADES/A-43073213.HTML;MONSERRAT;COMUNA 01;1079;C1079ABR
-58.40870760844984;-34.61023478311864;09/02/2018;RIVADAVIA 3000;RIVADAVIA AV. 3000;40;3377500;87500;175000;4375;20.00;0;0;1;HTTP://WWW.ZONAPROP.COM.AR/PROPIEDADES/A-43073462.HTML;BALVANERA;COMUNA 03;1203;C1203AAO
-58.405570429112174;-34.60494594347104;14/02/2018;AVENIDA PUEYRREDON 462;PUEYRREDON AV. 462;20;887800;46000;46000;2300;20.00;1;0;0;HTTP://WWW.ZONAPROP.COM.AR/PROPIEDADES/A-43080294.HTML;BALVANERA;COMUNA 03;1032;C1032ABR
-58.406620528661534;-34.60070935323022;21/02/2018;VIAMONTE 2899;VIAMONTE 2899;33;2895000;90900;150000;4545;20.00;0;0;1;HTTP://WWW.ZONAPROP.COM.AR/PROPIEDADES/A-43095661.HTML;BALVANERA;COMUNA 03;1213;C1213ACC
-58.401980911799235;-34.60478927414967;22/02/2018;AV. CORRIENTES 2500;CORRIENTES AV. 2500;110;3570500;33620;185000;1681;20.00;0;0;0;HTTP://WWW.ZONAPROP.COM.AR/PROPIEDADES/A-43100937.HTML;BALVANERA;COMUNA 03;1046;C1046AAP
-58.39157750511986;-34.61673330324472;23/02/2018;ENTRE RIOS 700;ENTRE RIOS AV. 700;118;8878000;77960;460000;3898;20.00;0;0;2;HTTP://WWW.ZONAPROP.COM.AR/PROPIEDADES/A-43102971.HTML;MONSERRAT;COMUNA 01;1080;C1080ABN
-58.40350161204048;-34.598669518258845;27/02/2018;CORDOBA 2600;CORDOBA AV. 2600;120;10615000;91660;550000;4583;20.00;3;3;2;HTTP://WWW.ZONAPROP.COM.AR/PROPIEDADES/A-43112120.HTML;BALVANERA;COMUNA 03;1120;C1120AAU
-58.412113265485175;-34.605184401100516;27/02/2018;AGUERO 400;AGUERO 400;121;4632000;39660;240000;1983;20.00;0;0;0;HTTP://WWW.ZONAPROP.COM.AR/PROPIEDADES/A-43113120.HTML;BALVANERA;COMUNA 03;1171;C1171ABD
-58.459345027757536;-34.60522954500164;01/02/2018;JUSTO JUAN B 4100;JUSTO, JUAN B. AV. 4100;116;4246000;36593;220000;1896;0.00;0;0;2;HTTP://WWW.ZONAPROP.COM.AR/PROPIEDADES/A-43048567.HTML;CABALLITO;COMUNA 06;1416;C1416DJU
;;22/02/2018;JUAN B JUSTO;;78;2895000;38460;150000;1923;20.00;0;0;1;HTTP://WWW.ZONAPROP.COM.AR/PROPIEDADES/A-43099625.HTML;;;;
-58.46413987242856;-34.61573527087055;22/02/2018;AV GAONA 2700;GAONA AV. 2700;104;2277400;22700;118000;1135;20.00;0;0;0;HTTP://WWW.ZONAPROP.COM.AR/PROPIEDADES/A-43100164.HTML;FLORES;COMUNA 07;1416;C1416DSO
-58.461661452246624;-34.60962578710365;26/02/2018;ALVAREZ  DONATO T. GRAL. 1500;ALVAREZ, DONATO, TTE. GRAL. 1500;82;4439000;56080;230000;2804;20.00;0;0;2;HTTP://WWW.ZONAPROP.COM.AR/PROPIEDADES/A-43106437.HTML;VILLA GRAL. MITRE;COMUNA 11;1416;C1416BTQ
;;13/02/2018;AV DE LOS INCAS;;530;21230000;54040;1100000;2702;20.00;6;0;2;HTTP://WWW.ZONAPROP.COM.AR/PROPIEDADES/A-43080083.HTML;;;;
;;20/02/2018;AV. LOS INCAS;;350;9457000;36020;490000;1801;20.00;4;3;1;HTTP://WWW.ZONAPROP.COM.AR/PROPIEDADES/A-43094086.HTML;;;;
;;08/02/2018;G. ARTIGAS 3500;;104;3203800;31920;166000;1596;20.00;0;0;0;HTTP://WWW.ZONAPROP.COM.AR/PROPIEDADES/A-43055516.HTML;;;;
-58.496893693242455;-34.5966418274486;08/02/2018;BEIRO Y SAN MARTIN;BEIRO, FRANCISCO AV. Y SAN MARTIN AV.;40;2991500;77500;155000;3875;20.00;0;0;1;HTTP://WWW.ZONAPROP.COM.AR/PROPIEDADES/A-43069035.HTML;AGRONOMIA;COMUNA 15;;
-58.49554888527085;-34.59581204515365;09/02/2018;BEIRO 3000;BEIRO, FRANCISCO AV. 3000;40;3377500;87500;175000;4375;20.00;0;0;0;HTTP://WWW.ZONAPROP.COM.AR/PROPIEDADES/A-43073611.HTML;AGRONOMIA;COMUNA 15;1419;C1419HYQ
-58.491741067551246;-34.59007405824504;27/02/2018;ARTIGAS 3800;ARTIGAS, JOSE GERVASIO, GRAL. 3800;342;6948000;23000;360000;1150;20.00;4;0;0;HTTP://WWW.ZONAPROP.COM.AR/PROPIEDADES/A-43114292.HTML;AGRONOMIA;COMUNA 15;1419;C1419ECF
;;22/02/2018;DONADO 800;;340;9650000;29400;500000;1470;20.00;0;0;2;HTTP://WWW.ZONAPROP.COM.AR/PROPIEDADES/A-43100733.HTML;;;;
-58.477145128440796;-34.57964352397773;26/02/2018;TRIUNVIRATO 4000;TRIUNVIRATO AV. 4000;30;752700;26000;39000;1300;20.00;0;0;1;HTTP://WWW.ZONAPROP.COM.AR/PROPIEDADES/A-43108448.HTML;PARQUE CHAS;COMUNA 15;1431;C1431FBP
-58.467925154202355;-34.5778271724083;27/02/2018;DE LOS INCAS AVDA. 4000;DE LOS INCAS AV. 4000;43;3860000;93020;200000;4651;20.00;0;0;0;HTTP://WWW.ZONAPROP.COM.AR/PROPIEDADES/A-43112830.HTML;VILLA ORTUZAR;COMUNA 15;1427;C1427DNR
-58.372211249544485;-34.62832677260412;03/02/2018;BOLIVAR 1700;BOLIVAR 1700;400;10518500;26287;545000;1362;0.00;0;0;0;HTTP://WWW.ZONAPROP.COM.AR/PROPIEDADES/A-42986093.HTML;BARRACAS;COMUNA 04;1141;C1141AAJ
-58.375400723635515;-34.63440560387002;07/02/2018;MONTES DE OCA Y MARTIN GARCIA;MONTES DE OCA, MANUEL AV. Y GARCIA, MARTIN AV.;40;2991500;77500;155000;3875;20.00;0;0;1;HTTP://WWW.ZONAPROP.COM.AR/PROPIEDADES/A-43068163.HTML;BARRACAS;COMUNA 04;;
-58.371669905993535;-34.630516874031535;27/02/2018;MARTIN GARCIA Y RUY;GARCIA, MARTIN AV. Y RUY DIAZ DE GUZMAN;40;3377500;87500;175000;4375;20.00;0;0;1;HTTP://WWW.ZONAPROP.COM.AR/PROPIEDADES/A-43073348.HTML;BARRACAS;COMUNA 04;;
-58.375576082630765;-34.64623945280239;09/02/2018;HERRERA 1700;HERRERA 1700;120;8472700;73160;439000;3658;20.00;0;0;0;HTTP://WWW.ZONAPROP.COM.AR/PROPIEDADES/A-43073716.HTML;BARRACAS;COMUNA 04;1295;C1295ACF
-58.37417417692755;-34.64701612014065;27/02/2018;CALIFORNIA 1800;CALIFORNIA 1800;30;5404000;186660;280000;9333;20.00;0;0;0;HTTP://WWW.ZONAPROP.COM.AR/PROPIEDADES/A-43113307.HTML;BARRACAS;COMUNA 04;1289;C1289AAJ
-58.47308865163227;-34.652784774214844;15/02/2018;AV EVA PERON 4300 - PARQUE AVELLANEDA EXCELENTES LOCALES EN VENTA APTO VARIOS DESTINOS U$140.000;PERON, EVA AV. 4300;50;2702000;56000;140000;2800;20.00;0;0;0;HTTP://WWW.ZONAPROP.COM.AR/PROPIEDADES/A-43085051.HTML;PARQUE AVELLANEDA;COMUNA 09;1407;C1407HUT
;;05/02/2018;AV. CARABOBO;;318;8106000;26400;420000;1320;20.00;0;0;0;HTTP://WWW.ZONAPROP.COM.AR/PROPIEDADES/A-43062899.HTML;;;;
;;01/02/2018;SOMELLERA;;89;2219500;24936;115000;1292;0.00;2;2;1;HTTP://WWW.ZONAPROP.COM.AR/PROPIEDADES/A-43051333.HTML;;;;
-58.43133420079399;-34.58940690841617;06/02/2018;SERRANO 1500;SERRANO 1500;223;9264000;41534;480000;2152;0.00;0;0;0;HTTP://WWW.ZONAPROP.COM.AR/PROPIEDADES/A-42989534.HTML;PALERMO;COMUNA 14;1414;C1414DFD
-58.38963628191577;-34.60080331616472;02/02/2018;MONTEVIDEO 700;MONTEVIDEO 700;82;3667000;46340;190000;2317;20.00;0;0;1;HTTP://WWW.ZONAPROP.COM.AR/PROPIEDADES/A-43056991.HTML;SAN NICOLAS;COMUNA 01;1019;C1019ABN
-58.413384788861926;-34.59491941541757;05/02/2018;SOLER 3500;SOLER 3500;18;2123000;122220;110000;6111;20.00;0;0;1;HTTP://WWW.ZONAPROP.COM.AR/PROPIEDADES/A-43063142.HTML;RECOLETA;COMUNA 02;1425;C1425BWF
-58.42375600305465;-34.58704115421845;06/02/2018;ARMENIA 2098;ARMENIA 2098;74;12545000;175660;650000;8783;20.00;0;0;0;HTTP://WWW.ZONAPROP.COM.AR/PROPIEDADES/A-43065418.HTML;PALERMO;COMUNA 14;1425;C1425FBB
-58.429588533866095;-34.57987805104521;06/02/2018;HUMBOLDT 2337;HUMBOLDT 2337;230;11580000;52160;600000;2608;20.00;1;0;1;HTTP://WWW.ZONAPROP.COM.AR/PROPIEDADES/A-43065700.HTML;PALERMO;COMUNA 14;1425;C1425FUE
-58.43717329311928;-34.57432792555389;06/02/2018;CABILDO 100;CABILDO AV. 100;40;2991500;77500;155000;3875;20.00;0;0;1;HTTP://WWW.ZONAPROP.COM.AR/PROPIEDADES/A-43066780.HTML;PALERMO;COMUNA 14;1426;C1426AAN
-58.4353185038184;-34.568369876816355;09/02/2018;ARCE 780;ARCE 780;50;5018000;104000;260000;5200;20.00;2;2;1;HTTP://WWW.ZONAPROP.COM.AR/PROPIEDADES/A-43066781.HTML;PALERMO;COMUNA 14;1426;C1426BSL
-58.433644543328604;-34.58736516464593;06/02/2018;GODOY CRUZ 1725;GODOY CRUZ 1725;200;15729500;81500;815000;4075;20.00;0;0;0;HTTP://WWW.ZONAPROP.COM.AR/PROPIEDADES/A-43066901.HTML;PALERMO;COMUNA 14;1414;C1414CYK
-58.42185934836406;-34.59781430483856;07/02/2018;ACUÑA DE FIGUEROA 1200;ACUÑA DE FIGUEROA, FRANCISCO 1200;48;7430500;160400;385000;8020;20.00;0;0;1;HTTP://WWW.ZONAPROP.COM.AR/PROPIEDADES/A-43067364.HTML;ALMAGRO;COMUNA 05;1180;C1180AAV
-58.42816072281753;-34.58740007788339;08/02/2018;COSTA RICA Y BORGES;COSTA RICA Y BORGES, JORGE LUIS;40;2991500;77500;155000;3875;20.00;0;0;1;HTTP://WWW.ZONAPROP.COM.AR/PROPIEDADES/A-43069032.HTML;PALERMO;COMUNA 14;;
;;07/02/2018;JORGE NEWBERY 1200;;25;3184500;132000;165000;6600;20.00;0;0;1;HTTP://WWW.ZONAPROP.COM.AR/PROPIEDADES/A-43069527.HTML;;;;
-58.434449941628046;-34.57445633400187;07/02/2018;AV DORREGO  2600;DORREGO AV. 2600;19;1312400;71560;68000;3578;20.00;0;0;1;HTTP://WWW.ZONAPROP.COM.AR/PROPIEDADES/A-43069987.HTML;PALERMO;COMUNA 14;1425;C1425GAP
;;08/02/2018;CHARCAS 4900;;120;8685000;79640;450000;3982;20.00;3;2;1;HTTP://WWW.ZONAPROP.COM.AR/PROPIEDADES/A-43072261.HTML;;;;
-58.43237790597356;-34.57351552335214;09/02/2018;AREVALO 2707;AREVALO 2707;20;2316000;120000;120000;6000;20.00;0;0;0;HTTP://WWW.ZONAPROP.COM.AR/PROPIEDADES/A-43072929.HTML;PALERMO;COMUNA 14;1426;C1426DJA
-58.42828481669609;-34.58741943825815;09/02/2018;BORGES 1800;BORGES, JORGE LUIS 1800;40;3377500;87500;175000;4375;20.00;0;0;1;HTTP://WWW.ZONAPROP.COM.AR/PROPIEDADES/A-43073487.HTML;PALERMO;COMUNA 14;1414;C1414DGD
;;09/02/2018;PARAGUAY;;27;2702000;103700;140000;5185;20.00;1;0;1;HTTP://WWW.ZONAPROP.COM.AR/PROPIEDADES/A-43075383.HTML;;;;
-58.404613197201215;-34.57870921743694;27/02/2018;CASTEX 3300;CASTEX 3300;52;9457000;188460;490000;9423;20.00;0;0;1;HTTP://WWW.ZONAPROP.COM.AR/PROPIEDADES/A-43078981.HTML;PALERMO;COMUNA 14;1425;C1425CDD
-58.430743421443026;-34.57358112424586;14/02/2018;HUERGO 200;HUERGO 200;450;16984000;46920;880000;2346;20.00;10;9;12;HTTP://WWW.ZONAPROP.COM.AR/PROPIEDADES/A-43080645.HTML;PALERMO;COMUNA 14;1426;C1426BQB
;;14/02/2018;SOLER;;130;8878000;70760;460000;3538;20.00;0;0;0;HTTP://WWW.ZONAPROP.COM.AR/PROPIEDADES/A-43081478.HTML;;;;
-58.434474263914204;-34.584203705263725;14/02/2018;EL SALVADOR 5500;EL SALVADOR 5500;400;14475000;42840;750000;2142;20.00;4;3;4;HTTP://WWW.ZONAPROP.COM.AR/PROPIEDADES/A-43081808.HTML;PALERMO;COMUNA 14;1414;C1414BQB
-58.415427566968326;-34.584202513183904;15/02/2018;ARENALES 3835;ARENALES 3835;70;3088000;45700;160000;2285;20.00;2;0;1;HTTP://WWW.ZONAPROP.COM.AR/PROPIEDADES/A-43085057.HTML;PALERMO;COMUNA 14;1425;C1425BFA
-58.42319623641005;-34.596921268721466;16/02/2018;GASCON 1159/00;GASCON 1159;53;2316000;45280;120000;2264;20.00;0;0;0;HTTP://WWW.ZONAPROP.COM.AR/PROPIEDADES/A-43085757.HTML;PALERMO;COMUNA 14;1181;C1181ACU
-58.419602407586744;-34.58849580155872;16/02/2018;ARAOZ 2080;ARAOZ 2080;63;3474000;57140;180000;2857;20.00;0;0;0;HTTP://WWW.ZONAPROP.COM.AR/PROPIEDADES/A-43086462.HTML;PALERMO;COMUNA 14;1425;C1425DGD
-58.43661259357199;-34.57775729380029;19/02/2018;SOLER 6000;SOLER 6000;135;9457000;72580;490000;3629;20.00;0;0;3;HTTP://WWW.ZONAPROP.COM.AR/PROPIEDADES/A-43087953.HTML;PALERMO;COMUNA 14;1425;C1425BYN
-58.421406700040876;-34.588686623641294;21/02/2018;GUATEMALA 4400;GUATEMALA 4400;130;6948000;55380;360000;2769;20.00;0;0;2;HTTP://WWW.ZONAPROP.COM.AR/PROPIEDADES/A-43097253.HTML;PALERMO;COMUNA 14;1425;C1425BUF
-58.439817156577526;-34.58771473031924;21/02/2018;AV. CORDOBA 5579;CORDOBA AV. 5579;96;5693500;61440;295000;3072;20.00;0;0;1;HTTP://WWW.ZONAPROP.COM.AR/PROPIEDADES/A-43097967.HTML;PALERMO;COMUNA 14;1414;C1414BBB
;;22/02/2018;ORTEGA Y GASSET ESQUINA ARCE 1700;;119;8665700;75460;449000;3773;20.00;0;0;0;HTTP://WWW.ZONAPROP.COM.AR/PROPIEDADES/A-43098953.HTML;;;;
-58.4362441160098;-34.584274511447155;23/02/2018;HONDURAS 5600;HONDURAS 5600;193;4439000;23820;230000;1191;20.00;0;0;3;HTTP://WWW.ZONAPROP.COM.AR/PROPIEDADES/A-43099016.HTML;PALERMO;COMUNA 14;1414;C1414BND
;;22/02/2018;AV SCALABRINI ORTIZ;;90;10615000;122220;550000;6111;20.00;0;0;2;HTTP://WWW.ZONAPROP.COM.AR/PROPIEDADES/A-43101464.HTML;;;;
-58.42821420331379;-34.5927943054694;26/02/2018;JOSE ANTONIO CABRERA 4601;CABRERA, JOSE A. 4601;100;7334000;76000;380000;3800;20.00;0;0;2;HTTP://WWW.ZONAPROP.COM.AR/PROPIEDADES/A-43109045.HTML;PALERMO;COMUNA 14;1414;C1414BGI
-58.43463241177513;-34.58413817215294;26/02/2018;HUMBOLDT 1800;HUMBOLDT 1800;600;24511000;46180;1270000;2309;20.00;0;0;4;HTTP://WWW.ZONAPROP.COM.AR/PROPIEDADES/A-43110430.HTML;PALERMO;COMUNA 14;1414;C1414CTR
-58.49046384788375;-34.58595109506763;23/02/2018;AV. SALVADOR MARIA DEL CARRIL 2220;CARRIL, SALVADOR MARIA DEL AV. 2220;35;1833500;54280;95000;2714;20.00;1;0;1;HTTP://WWW.ZONAPROP.COM.AR/PROPIEDADES/A-43102479.HTML;AGRONOMIA;COMUNA 15;1419;C1419GZO
-58.4972538193581;-34.57810503063793;23/02/2018;AVENIDA CONSTITUYENTES 5100;DE LOS CONSTITUYENTES AV. 5100;110;2605500;30000;135000;1500;20.00;0;0;2;HTTP://WWW.ZONAPROP.COM.AR/PROPIEDADES/A-43104551.HTML;VILLA PUEYRREDON;COMUNA 12;1431;C1431EZO
-58.499897091798594;-34.5889002996773;24/02/2018;AVDA NAZCA 4354;NAZCA 4354;320;6755000;21860;350000;1093;20.00;0;0;1;HTTP://WWW.ZONAPROP.COM.AR/PROPIEDADES/A-43105843.HTML;VILLA PUEYRREDON;COMUNA 12;1419;C1419DFT
-58.511775389355066;-34.584831464181335;20/02/2018;CAMPANA 5300;CAMPANA 5300;24;1196600;51660;62000;2583;20.00;0;0;0;HTTP://WWW.ZONAPROP.COM.AR/PROPIEDADES/A-43092031.HTML;VILLA DEVOTO;COMUNA 11;1419;C1419AHZ
;;07/02/2018;RAMON L. FALCON;;63;900000;14285;46632;740;0.00;0;0;2;HTTP://WWW.ZONAPROP.COM.AR/PROPIEDADES/A-43068990.HTML;;;;
-58.51653665840953;-34.64515755241372;09/02/2018;CAAGUAZU 6300;CAAGUAZU 6300;19;577070;31480;29900;1574;20.00;1;0;1;HTTP://WWW.ZONAPROP.COM.AR/PROPIEDADES/A-43074394.HTML;LINIERS;COMUNA 09;1408;C1408ETL
-58.519158772397844;-34.63164908727782;07/02/2018;ALVAREZ JONTE 6200;ALVAREZ JONTE AV. 6200;499;7720000;16020;400000;801;20.00;0;0;0;HTTP://WWW.ZONAPROP.COM.AR/PROPIEDADES/A-43064216.HTML;VERSALLES;COMUNA 10;1408;C1408BXQ
-58.36170075266852;-34.617382170751846;13/02/2018;JUANA MANSO 1700;MANSO JUANA 1700;114;13201200;120000;684000;6000;20.00;1;0;0;HTTP://WWW.ZONAPROP.COM.AR/PROPIEDADES/A-43079039.HTML;PUERTO MADERO;COMUNA 01;1107;C1107CHH
-58.363612281620284;-34.61302505009968;21/02/2018;PIERINA DEALESSI 1300- PUERTO MADERO - CAPITAL FEDERAL;DEALESSI, PIERINA 1300;112;20265000;187500;1050000;9375;20.00;0;0;2;HTTP://WWW.ZONAPROP.COM.AR/PROPIEDADES/A-43097651.HTML;PUERTO MADERO;COMUNA 01;1107;C1107CDH
;;01/02/2018;CHILE;;130;5307500;48250;275000;2500;0.00;0;0;3;HTTP://WWW.ZONAPROP.COM.AR/PROPIEDADES/A-43051341.HTML;;;;
-58.387451672276605;-34.61007266879716;06/02/2018;HIPOLITO YRIGOYEN 1500;YRIGOYEN, HIPOLITO 1500;190;4632000;27740;240000;1387;20.00;0;0;0;HTTP://WWW.ZONAPROP.COM.AR/PROPIEDADES/A-43064901.HTML;MONSERRAT;COMUNA 01;1089;C1089AAB
;;06/02/2018;SALTA;;560;11387000;21060;590000;1053;20.00;0;0;2;HTTP://WWW.ZONAPROP.COM.AR/PROPIEDADES/A-43065414.HTML;;;;
-58.37593765801899;-34.61281534578328;09/02/2018;BELGRANO 700;BELGRANO AV. 700;38;4246000;115780;220000;5789;20.00;0;0;1;HTTP://WWW.ZONAPROP.COM.AR/PROPIEDADES/A-43074977.HTML;MONSERRAT;COMUNA 01;1092;C1092AAT
-58.37045027683616;-34.61593626348558;12/02/2018;CHILE 300  SAN TELMO;CHILE AV. 300;568;19107000;40400;990000;2020;20.00;15;0;0;HTTP://WWW.ZONAPROP.COM.AR/PROPIEDADES/A-43077021.HTML;SAN TELMO;COMUNA 01;1098;C1098AAF
-58.37045027683616;-34.61593626348558;12/02/2018;CON RENTA  CHILE 300  SAN TELMO- HOSTEL Y RESTAURANT- ZONA TURISTICA DE SAN TELMO;CHILE AV. 300;568;19107000;40400;990000;2020;20.00;15;0;0;HTTP://WWW.ZONAPROP.COM.AR/PROPIEDADES/A-43077023.HTML;SAN TELMO;COMUNA 01;1098;C1098AAF
-58.371680813731096;-34.614837213945265;21/02/2018;MEXICO 400;MEXICO 400;95;5404000;58940;280000;2947;20.00;1;0;2;HTTP://WWW.ZONAPROP.COM.AR/PROPIEDADES/A-43097398.HTML;MONSERRAT;COMUNA 01;1097;C1097AAH
-58.38327307896367;-34.61094138081086;22/02/2018;ADOLFO ASINA 1200;ALSINA, ADOLFO 1200;138;4765170;35780;246900;1789;20.00;0;0;0;HTTP://WWW.ZONAPROP.COM.AR/PROPIEDADES/A-43098691.HTML;MONSERRAT;COMUNA 01;1088;C1088AAF
-58.37946865934175;-34.60954043559908;22/02/2018;HIPOLITO YRIGOYEN 914;YRIGOYEN, HIPOLITO 914;866;23160000;27700;1200000;1385;20.00;0;0;0;HTTP://WWW.ZONAPROP.COM.AR/PROPIEDADES/A-43101017.HTML;MONSERRAT;COMUNA 01;1086;C1086AAP
-58.37630766234152;-34.609203463231154;26/02/2018;CHACABUCO 100;CHACABUCO 100;46;1659800;37380;86000;1869;20.00;0;0;1;HTTP://WWW.ZONAPROP.COM.AR/PROPIEDADES/A-43109111.HTML;MONSERRAT;COMUNA 01;1069;C1069AAB
-58.37305429797001;-34.617059071856445;27/02/2018;BOLIVAR 800;BOLIVAR 800;640;38600000;62500;2000000;3125;20.00;1;0;4;HTTP://WWW.ZONAPROP.COM.AR/PROPIEDADES/A-43114648.HTML;SAN TELMO;COMUNA 01;1066;C1066AAP
-58.38620094747181;-34.609859699538866;01/02/2018;SAN JOSE 100;SAN JOSE 100;89;5211000;60660;270000;3033;20.00;0;0;1;HTTP://WWW.ZONAPROP.COM.AR/PROPIEDADES/A-43054863.HTML;MONSERRAT;COMUNA 01;1076;C1076AAB
-58.38358265835917;-34.60693850986001;01/02/2018;LIBERTAD 144;LIBERTAD 144;500;16791000;34800;870000;1740;20.00;0;0;0;HTTP://WWW.ZONAPROP.COM.AR/PROPIEDADES/A-43055268.HTML;SAN NICOLAS;COMUNA 01;1012;C1012AAD
-58.390716151557186;-34.60800178202715;23/02/2018;RODRIGUEZ PEÑA 100;RODRIGUEZ PEÑA 100;75;2605500;36000;135000;1800;20.00;0;0;2;HTTP://WWW.ZONAPROP.COM.AR/PROPIEDADES/A-43059376.HTML;SAN NICOLAS;COMUNA 01;1020;C1020ADB
-58.37532480327451;-34.60231207432509;05/02/2018;GALERIA JARDIN  FLORIDA 500;FLORIDA 500;53;2296700;44900;119000;2245;20.00;0;0;0;HTTP://WWW.ZONAPROP.COM.AR/PROPIEDADES/A-43060145.HTML;SAN NICOLAS;COMUNA 01;1005;C1005AAJ
-58.37532480327451;-34.60231207432509;05/02/2018;GALERIA JARDIN  FLORIDA 500;FLORIDA 500;30;1254500;43320;65000;2166;20.00;0;0;0;HTTP://WWW.ZONAPROP.COM.AR/PROPIEDADES/A-43060178.HTML;SAN NICOLAS;COMUNA 01;1005;C1005AAJ
-58.39134359398016;-34.602005129836094;05/02/2018;RODRIGUEZ PELA 600;RODRIGUEZ PEÑA 600;770;16405000;22060;850000;1103;20.00;0;0;5;HTTP://WWW.ZONAPROP.COM.AR/PROPIEDADES/A-43063300.HTML;SAN NICOLAS;COMUNA 01;1020;C1020ADL
-58.373410637011865;-34.608118809363745;08/02/2018;RIVADAVIA 500;RIVADAVIA AV. 500;40;2991500;77500;155000;3875;20.00;0;0;1;HTTP://WWW.ZONAPROP.COM.AR/PROPIEDADES/A-43066824.HTML;MONSERRAT;COMUNA 01;1002;C1002AAP
-58.37540889054034;-34.59749573560082;17/02/2018;LOCAL PARAGUAY Y FLORIDA 100;PARAGUAY Y FLORIDA;180;11387000;65540;590000;3277;20.00;0;0;2;HTTP://WWW.ZONAPROP.COM.AR/PROPIEDADES/A-43068947.HTML;RETIRO;COMUNA 01;;
-58.38488446375289;-34.60636591065483;08/02/2018;TTE GRAL JUAN D PERON 1300;PERON, JUAN DOMINGO, TTE. GENERAL 1300;799;17177000;22980;890000;1149;20.00;0;0;3;HTTP://WWW.ZONAPROP.COM.AR/PROPIEDADES/A-43070473.HTML;SAN NICOLAS;COMUNA 01;1038;C1038AAZ
-58.373410637011865;-34.608118809363745;08/02/2018;RIVADAVIA 500;RIVADAVIA AV. 500;40;3377500;87500;175000;4375;20.00;0;0;1;HTTP://WWW.ZONAPROP.COM.AR/PROPIEDADES/A-43072601.HTML;MONSERRAT;COMUNA 01;1002;C1002AAP
-58.38501256556742;-34.60663171396904;15/02/2018;TALCAHUANO 180;TALCAHUANO 180;160;6426900;41620;333000;2081;20.00;3;0;1;HTTP://WWW.ZONAPROP.COM.AR/PROPIEDADES/A-43085465.HTML;SAN NICOLAS;COMUNA 01;1013;C1013AAD
-58.38761713377852;-34.60772170979022;19/02/2018;BARTOLOME MITRE 1500;MITRE, BARTOLOME 1500;100;4825000;50000;250000;2500;20.00;0;0;0;HTTP://WWW.ZONAPROP.COM.AR/PROPIEDADES/A-43088414.HTML;SAN NICOLAS;COMUNA 01;1037;C1037ABB
-58.375338595932476;-34.602046231221195;21/02/2018;FLORIDA 520;FLORIDA 520;22;1061500;50000;55000;2500;20.00;0;0;0;HTTP://WWW.ZONAPROP.COM.AR/PROPIEDADES/A-43098078.HTML;SAN NICOLAS;COMUNA 01;1005;C1005AAL
-58.373663649175356;-34.60727591217729;22/02/2018;SAN MARTIN 50;SAN MARTIN 50;600;27020000;46660;1400000;2333;20.00;0;0;3;HTTP://WWW.ZONAPROP.COM.AR/PROPIEDADES/A-43100989.HTML;SAN NICOLAS;COMUNA 01;1004;C1004AAB
-58.378598088562775;-34.602353696173445;27/02/2018;LAVALLE 835;LAVALLE 835;21;868500;42840;45000;2142;20.00;0;0;0;HTTP://WWW.ZONAPROP.COM.AR/PROPIEDADES/A-43106417.HTML;SAN NICOLAS;COMUNA 01;1047;C1047AAQ
-58.37538680894338;-34.601140573519345;25/02/2018;FLORIDA 600;FLORIDA 600;26;1148350;45760;59500;2288;20.00;0;0;0;HTTP://WWW.ZONAPROP.COM.AR/PROPIEDADES/A-43107066.HTML;SAN NICOLAS;COMUNA 01;1005;C1005AAL
-58.376546825715046;-34.60347500272166;26/02/2018;CORRIENTES  AVDA. 700;CORRIENTES AV. 700;45;1640500;37760;85000;1888;20.00;0;0;1;HTTP://WWW.ZONAPROP.COM.AR/PROPIEDADES/A-43108612.HTML;SAN NICOLAS;COMUNA 01;1043;C1043AAT
-58.383581747217335;-34.60389832683476;27/02/2018;AV. CORRIENTES 1200;CORRIENTES AV. 1200;73;16405000;232860;850000;11643;20.00;0;0;2;HTTP://WWW.ZONAPROP.COM.AR/PROPIEDADES/A-43111879.HTML;SAN NICOLAS;COMUNA 01;1043;C1043AAY
-58.378069771812235;-34.60124168198782;27/02/2018;TUCUMAN 800;TUCUMAN 800;150;7334000;95000;380000;4750;20.00;0;0;0;HTTP://WWW.ZONAPROP.COM.AR/PROPIEDADES/A-43113124.HTML;SAN NICOLAS;COMUNA 01;1049;C1049AAP
-58.454594413958375;-34.56359893684359;01/02/2018;SUCRE 2353;SUCRE, ANTONIO JOSE DE, MCAL. 2353;100;8685000;86850;450000;4500;0.00;0;0;1;HTTP://WWW.ZONAPROP.COM.AR/PROPIEDADES/A-43051243.HTML;BELGRANO;COMUNA 13;1428;C1428DVO
-58.45752665971362;-34.561254479360215;01/02/2018;CABILDO  AVDA. 2200;CABILDO AV. 2200;33;1254500;39380;65000;1969;20.00;2;0;0;HTTP://WWW.ZONAPROP.COM.AR/PROPIEDADES/A-43054814.HTML;BELGRANO;COMUNA 13;1428;C1428AAQ
-58.446221495663615;-34.55730315542717;05/02/2018;ECHEVERRIA 1444;ECHEVERRIA 1444;21;714100;35220;37000;1761;20.00;1;0;2;HTTP://WWW.ZONAPROP.COM.AR/PROPIEDADES/A-43060629.HTML;BELGRANO;COMUNA 13;1428;C1428DQR
-58.46792744932599;-34.56446175281904;05/02/2018;CONDE Y BLANCO ENCALADA;CONDE Y BLANCO ENCALADA;65;2123000;33840;110000;1692;20.00;2;0;0;HTTP://WWW.ZONAPROP.COM.AR/PROPIEDADES/A-43062571.HTML;BELGRANO;COMUNA 13;;
-58.45693904262748;-34.565034008452635;08/02/2018;SUCRE Y AMENABAR;SUCRE, ANTONIO JOSE DE, MCAL. Y AMENABAR;40;3377500;87500;175000;4375;20.00;0;0;1;HTTP://WWW.ZONAPROP.COM.AR/PROPIEDADES/A-43072594.HTML;BELGRANO;COMUNA 13;;
;;15/02/2018;BLANCO ENCALADA;;84;5693500;70220;295000;3511;20.00;0;0;1;HTTP://WWW.ZONAPROP.COM.AR/PROPIEDADES/A-43084980.HTML;;;;
-58.46702416921315;-34.57915836961051;19/02/2018;AV. ALVAREZ THOMAS 1800;ALVAREZ THOMAS AV. 1800;115;3724900;78760;193000;3938;20.00;0;0;1;HTTP://WWW.ZONAPROP.COM.AR/PROPIEDADES/A-43089272.HTML;VILLA ORTUZAR;COMUNA 15;1427;C1427CDR
-58.46570151901825;-34.55945001886349;21/02/2018;PEDRO IGNACIO RIVERA 2900;RIVERA, PEDRO I., DR. 2900;46;1640500;36940;85000;1847;20.00;0;0;0;HTTP://WWW.ZONAPROP.COM.AR/PROPIEDADES/A-43096168.HTML;BELGRANO;COMUNA 13;1428;C1428BQJ
-58.395750638865074;-34.59465458345651;01/02/2018;ARENALES 2000;ARENALES 2000;220;10422000;47362;540000;2454;0.00;0;0;3;HTTP://WWW.ZONAPROP.COM.AR/PROPIEDADES/A-43048727.HTML;RECOLETA;COMUNA 02;1124;C1124AAD
-58.400958991555186;-34.59163663698197;02/02/2018;JUNCAL 2400;JUNCAL 2400;96;2895000;31240;150000;1562;20.00;0;0;2;HTTP://WWW.ZONAPROP.COM.AR/PROPIEDADES/A-43055408.HTML;RECOLETA;COMUNA 02;1125;C1125ABF
-58.395128838095374;-34.5863301327353;05/02/2018;AV.PUEYRREDON 2400;PUEYRREDON AV. 2400;72;13317000;191660;690000;9583;20.00;0;0;0;HTTP://WWW.ZONAPROP.COM.AR/PROPIEDADES/A-43063015.HTML;RECOLETA;COMUNA 02;1119;C1119ACT
-58.38693663719131;-34.597081643367574;07/02/2018;MARCELO T DE ALVEAR 1400;ALVEAR, MARCELO T. DE 1400;238;11001000;47880;570000;2394;20.00;4;3;2;HTTP://WWW.ZONAPROP.COM.AR/PROPIEDADES/A-43067904.HTML;RETIRO;COMUNA 01;1058;C1058AAV
-58.404182009089965;-34.59523092448892;08/02/2018;CHARCAS Y ECUADOR;CHARCAS Y ECUADOR;40;2991500;77500;155000;3875;20.00;0;0;1;HTTP://WWW.ZONAPROP.COM.AR/PROPIEDADES/A-43069034.HTML;RECOLETA;COMUNA 02;;
-58.41029887463218;-34.59808878616567;08/02/2018;CORDOBA Y AGUERO;CORDOBA AV. Y AGUERO;40;3377500;87500;175000;4375;20.00;0;0;1;HTTP://WWW.ZONAPROP.COM.AR/PROPIEDADES/A-43070569.HTML;BALVANERA;COMUNA 03;;
-58.404182009089965;-34.59523092448892;08/02/2018;ECUADOR Y CHARCAS;ECUADOR Y CHARCAS;40;3377500;87500;175000;4375;20.00;0;0;1;HTTP://WWW.ZONAPROP.COM.AR/PROPIEDADES/A-43072586.HTML;RECOLETA;COMUNA 02;;
-58.388864437456334;-34.58929370290105;10/02/2018;QUINTANA 400;QUINTANA, MANUEL, PRES. 400;48;10615000;229160;550000;11458;20.00;0;0;0;HTTP://WWW.ZONAPROP.COM.AR/PROPIEDADES/A-43075670.HTML;RECOLETA;COMUNA 02;1014;C1014ACQ
-58.405428822574294;-34.58729043058462;18/02/2018;FRENCH 3000;FRENCH 3000;70;5983000;88580;310000;4429;20.00;0;0;0;HTTP://WWW.ZONAPROP.COM.AR/PROPIEDADES/A-43079382.HTML;RECOLETA;COMUNA 02;1425;C1425AWJ
-58.38621085941991;-34.58816271331095;20/02/2018;PEÑA 2000;RODRIGUEZ PEÑA 2000;438;23160000;60000;1200000;3000;20.00;0;0;0;HTTP://WWW.ZONAPROP.COM.AR/PROPIEDADES/A-43094925.HTML;RECOLETA;COMUNA 02;1021;C1021ABP
-58.401985205988765;-34.593383244704775;21/02/2018;AV. PUEYRREDON 1500;PUEYRREDON AV. 1500;80;8106000;105000;420000;5250;20.00;0;0;0;HTTP://WWW.ZONAPROP.COM.AR/PROPIEDADES/A-43097691.HTML;RECOLETA;COMUNA 02;1118;C1118AAR
-58.395750638865074;-34.59465458345651;22/02/2018;ARENALES 2000;ARENALES 2000;114;5211000;47360;270000;2368;20.00;0;0;2;HTTP://WWW.ZONAPROP.COM.AR/PROPIEDADES/A-43099786.HTML;RECOLETA;COMUNA 02;1124;C1124AAD
-58.406610374679644;-34.59306079939158;22/02/2018;LAPRIDA 1363;LAPRIDA 1363;163;5211000;33120;270000;1656;20.00;0;0;2;HTTP://WWW.ZONAPROP.COM.AR/PROPIEDADES/A-43100440.HTML;RECOLETA;COMUNA 02;1425;C1425EKG
-58.40092262002574;-34.5949184239537;27/02/2018;AV SANTA FE 2400;SANTA FE AV. 2400;20;694800;36000;36000;1800;20.00;0;0;0;HTTP://WWW.ZONAPROP.COM.AR/PROPIEDADES/A-43112288.HTML;RECOLETA;COMUNA 02;1123;C1123AAS
-58.41013570149891;-34.5981716970639;27/02/2018;CORDOBA 3100;CORDOBA AV. 3100;100;9650000;100000;500000;5000;20.00;0;0;0;HTTP://WWW.ZONAPROP.COM.AR/PROPIEDADES/A-43114495.HTML;BALVANERA;COMUNA 03;1187;C1187AAR
-58.379781853326406;-34.59906144903515;07/02/2018;SUIPACHA 800;SUIPACHA 800;78;5114500;67940;265000;3397;20.00;0;0;0;HTTP://WWW.ZONAPROP.COM.AR/PROPIEDADES/A-43064201.HTML;SAN NICOLAS;COMUNA 01;1008;C1008AAP
-58.379632055109525;-34.59904429921594;06/02/2018;AV. CORDOBA 900;CORDOBA AV. 900;450;12545000;28880;650000;1444;20.00;0;0;4;HTTP://WWW.ZONAPROP.COM.AR/PROPIEDADES/A-43066522.HTML;SAN NICOLAS;COMUNA 01;1054;C1054AAU
;;09/02/2018;M. T. ALVEAR AL;;186;10615000;59120;550000;2956;20.00;0;0;0;HTTP://WWW.ZONAPROP.COM.AR/PROPIEDADES/A-43074790.HTML;;;;
-58.37412262594887;-34.59987636855135;14/02/2018;SAN MARTIN 700;SAN MARTIN 700;33;772000;24240;40000;1212;20.00;0;0;1;HTTP://WWW.ZONAPROP.COM.AR/PROPIEDADES/A-43082400.HTML;SAN NICOLAS;COMUNA 01;1004;C1004AAN
-58.385754640146686;-34.59567529609237;19/02/2018;TALCAHUANO ENTRE SANTA FE AV. Y ARENALES;TALCAHUANO Y SANTA FE AV.;122;8299000;70480;430000;3524;20.00;0;0;0;HTTP://WWW.ZONAPROP.COM.AR/PROPIEDADES/A-43089698.HTML;RETIRO;COMUNA 01;;
-58.38446685584146;-34.594521457387444;20/02/2018;LIBERTAD 1200;LIBERTAD 1200;620;30880000;51600;1600000;2580;20.00;0;0;0;HTTP://WWW.ZONAPROP.COM.AR/PROPIEDADES/A-43092471.HTML;RETIRO;COMUNA 01;1012;C1012AAX
-58.375427853260604;-34.59879509872061;22/02/2018;FLORIDA 800;FLORIDA 800;15;1447500;100000;75000;5000;20.00;0;0;0;HTTP://WWW.ZONAPROP.COM.AR/PROPIEDADES/A-43101006.HTML;SAN NICOLAS;COMUNA 01;1005;C1005AAP
;;01/02/2018;NUÑEZ;;26;1447500;55661;75000;2884;0.00;0;0;1;HTTP://WWW.ZONAPROP.COM.AR/PROPIEDADES/A-43050531.HTML;;;;
-58.46804833245776;-34.5569839231085;03/02/2018;CRAMER 3000;CRAMER AV. 3000;98;4342500;50000;225000;2500;20.00;2;0;1;HTTP://WWW.ZONAPROP.COM.AR/PROPIEDADES/A-43059080.HTML;NU?EZ;COMUNA 13;1429;C1429AJB
-58.46510148520099;-34.55535945593092;09/02/2018;QUESADA 2600;QUESADA 2600;170;13896000;84700;720000;4235;20.00;5;3;2;HTTP://WWW.ZONAPROP.COM.AR/PROPIEDADES/A-43075219.HTML;NU?EZ;COMUNA 13;1429;C1429CON
-58.46829679803198;-34.55653030840727;24/02/2018;CRAMER 3021;CRAMER AV. 3021;98;4342500;50000;225000;2500;20.00;2;0;1;HTTP://WWW.ZONAPROP.COM.AR/PROPIEDADES/A-43106243.HTML;NU?EZ;COMUNA 13;1429;C1429AJC
